{
  "project" : {
    "id" : "kolledyo-1000147444-OXd",
    "name" : "kolledyo-1000147444-OXd",
    "folder" : "/platform"
  },
  "settings" : {
    "language" : "ru",
    "spellingCorrection" : false,
    "classificationAlgorithm" : "sts",
    "timezone" : "UTC",
    "extendedSettings" : {
      "tokenizerEngine" : "mystem",
      "allowedPatterns" : [ "agree", "disagree", "bad", "bot", "bye", "cannot", "clever", "compliment", "dontKnow", "gender", "good", "hello", "looser", "maybe", "me", "my", "need", "normal", "notNow", "now", "pls", "serviceHelperHuman", "stupid", "super", "sure", "thanks", "turnOff", "turnOn", "what", "why", "email", "smth", "obsceneWord", "continue", "shutUp", "stopGame", "stopGameStrong", "stopGameWeak" ],
      "useShared" : true,
      "zflPatternsEnabled" : true
    },
    "shared" : false,
    "validation" : {
      "phraseValidationEnabled" : false,
      "answerValidationEnabled" : false,
      "phraseValidationThreshold" : 0.5,
      "answerValidationThreshold" : 0.8
    }
  },
  "intents" : [ {
    "path" : "/newNode_8/1",
    "enabled" : true,
    "shared" : false,
    "phrases" : [ {
      "text" : "Оплатить обучение"
    } ],
    "classificationRules" : {
      "refs" : [ ]
    },
    "patterns" : [ ],
    "priority" : 0
  }, {
    "path" : "/newNode_8/2",
    "enabled" : true,
    "shared" : false,
    "phrases" : [ {
      "text" : "Не могу найти Учебный План"
    } ],
    "classificationRules" : {
      "refs" : [ ]
    },
    "patterns" : [ ],
    "priority" : 0
  }, {
    "path" : "/newNode_10/1",
    "enabled" : true,
    "shared" : false,
    "phrases" : [ {
      "text" : "Оплатить обучение"
    } ],
    "classificationRules" : {
      "refs" : [ ]
    },
    "patterns" : [ ],
    "priority" : 0
  }, {
    "path" : "/newNode_10/2",
    "enabled" : true,
    "shared" : false,
    "phrases" : [ {
      "text" : "Не могу найти Учебный План"
    } ],
    "classificationRules" : {
      "refs" : [ ]
    },
    "patterns" : [ ],
    "priority" : 0
  }, {
    "path" : "/newNode_11/1",
    "enabled" : true,
    "shared" : false,
    "phrases" : [ {
      "text" : "Оплатить обучение"
    } ],
    "classificationRules" : {
      "refs" : [ ]
    },
    "patterns" : [ ],
    "priority" : 0
  }, {
    "path" : "/newNode_11/2",
    "enabled" : true,
    "shared" : false,
    "phrases" : [ {
      "text" : "Не могу найти Учебный План"
    } ],
    "classificationRules" : {
      "refs" : [ ]
    },
    "patterns" : [ ],
    "priority" : 0
  }, {
    "path" : "/newNode_12/1",
    "enabled" : true,
    "shared" : false,
    "phrases" : [ {
      "text" : "Оплатить обучение"
    } ],
    "classificationRules" : {
      "refs" : [ ]
    },
    "patterns" : [ ],
    "priority" : 0
  }, {
    "path" : "/newNode_12/2",
    "enabled" : true,
    "shared" : false,
    "phrases" : [ {
      "text" : "Не могу найти Учебный План"
    } ],
    "classificationRules" : {
      "refs" : [ ]
    },
    "patterns" : [ ],
    "priority" : 0
  }, {
    "path" : "/newNode_14/1",
    "enabled" : true,
    "shared" : false,
    "phrases" : [ {
      "text" : "2021-2022"
    } ],
    "classificationRules" : {
      "refs" : [ ]
    },
    "patterns" : [ ],
    "priority" : 0
  }, {
    "path" : "/newNode_14/2",
    "enabled" : true,
    "shared" : false,
    "phrases" : [ {
      "text" : "2022-2023"
    } ],
    "classificationRules" : {
      "refs" : [ ]
    },
    "patterns" : [ ],
    "priority" : 0
  }, {
    "path" : "/newNode_14/3",
    "enabled" : true,
    "shared" : false,
    "phrases" : [ {
      "text" : "2023-2024"
    } ],
    "classificationRules" : {
      "refs" : [ ]
    },
    "patterns" : [ ],
    "priority" : 0
  } ],
  "entities" : [ ],
  "enabledSystemEntities" : [ ],
  "spellerDictionary" : [ ],
  "systemEntities" : [ {
    "name" : "mystem.geo",
    "enabled" : false
  }, {
    "name" : "mystem.persn",
    "enabled" : false
  }, {
    "name" : "mystem.obsc",
    "enabled" : false
  }, {
    "name" : "mystem.patrn",
    "enabled" : false
  }, {
    "name" : "mystem.famn",
    "enabled" : false
  }, {
    "name" : "pymorphy.romn",
    "enabled" : false
  }, {
    "name" : "pymorphy.latn",
    "enabled" : false
  }, {
    "name" : "pymorphy.numb",
    "enabled" : false
  }, {
    "name" : "pymorphy.intg",
    "enabled" : false
  }, {
    "name" : "pymorphy.abbr",
    "enabled" : false
  }, {
    "name" : "pymorphy.name",
    "enabled" : false
  }, {
    "name" : "pymorphy.surn",
    "enabled" : false
  }, {
    "name" : "pymorphy.patr",
    "enabled" : false
  }, {
    "name" : "pymorphy.geox",
    "enabled" : false
  }, {
    "name" : "pymorphy.orgn",
    "enabled" : false
  }, {
    "name" : "duckling.number",
    "version" : "v1",
    "enabled" : false
  }, {
    "name" : "duckling.ordinal",
    "version" : "v1",
    "enabled" : false
  }, {
    "name" : "duckling.amount-of-money",
    "version" : "v1",
    "enabled" : false
  }, {
    "name" : "duckling.distance",
    "version" : "v1",
    "enabled" : false
  }, {
    "name" : "duckling.time",
    "version" : "v1",
    "enabled" : false
  }, {
    "name" : "duckling.date",
    "version" : "v1",
    "enabled" : false
  }, {
    "name" : "duckling.time-of-day",
    "version" : "v1",
    "enabled" : false
  }, {
    "name" : "duckling.duration",
    "version" : "v1",
    "enabled" : false
  }, {
    "name" : "duckling.phone-number",
    "version" : "v1",
    "enabled" : false
  }, {
    "name" : "duckling.email",
    "version" : "v1",
    "enabled" : false
  }, {
    "name" : "duckling.url",
    "version" : "v1",
    "enabled" : false
  }, {
    "name" : "duckling.interval",
    "version" : "v2",
    "enabled" : false
  }, {
    "name" : "mlps-obscene.obscene",
    "enabled" : false
  }, {
    "name" : "zb.datetime",
    "enabled" : false
  }, {
    "name" : "zb.number",
    "enabled" : false
  } ],
  "faq" : [ ],
  "skills" : [ ]
}